Position,ApplicationDate,Notes,Source,JobUrl
surescripts,1/23/2026,,surescripts,,
Senior Software Engineer -- amerisave mortgage corp,1/21/2026,remote,amerisave mortgage corp,,
Senior Data Engineer -- attain finance,1/21/2026,,attain finance,,
sql developer -- weiss ratings,1/21/2026,remote,weiss ratings,,
software developer II -- proactive global,1/21/2026,remote,proactive global,,
mysql database administrator -- aarnest inc,1/21/2026,,aarnest inc,,
senior .net developer (aws),1/21/2026,remote,,,
"microsoft ,net web application developer",1/21/2026,job closed or expired on indeed,,,
Senior Software Engineer -- uster technologies,1/21/2026,knoxville,uster technologies,,
senior software developer -- therapynotes,1/21/2026,remote,therapynotes,,
mid/senior full stack developer(c#/vuejs) -- porch software,1/21/2026,remote,porch software,,
senior software engineer -- self-realization fellowship,1/21/2026,remote,self-realization fellowship,,
developer manager -- cordant health solutions,1/21/2026,,cordant health solutions,,
,,,,,
senior it engineer -- insource services,1/24/2026,,insource services,,
senior data engineer -- emergent staffing,1/24/2026,remote,emergent staffing,,
Software Developer II -- resman llc,1/24/2026,"plano, tx",resman llc,,
Senior Backend Developer -- Mesa Associates ,1/24/2026,,Mesa Associates,,
,,,,,
Principal Data Manager I -- everest clinical research,1/25/2026,remote,everest clinical research,,
,,,,,
Software developer -- honor tech,1/26/2026,remote contract $50,honor tech,,
Technology Test Manager -- systemtec,1/26/2026,remote contract $60,systemtec,,
"Senior Staff Software Engineer, Backend (Consumer - Financial Services and Loyalty)",1/26/2026,remote,Backend (Consumer - Financial Services and Loyalty),,
,,,,,
"DevSecOps Engineer -- KeyLogic Systems - Oak Ridge, TN",1/27/2026,,"KeyLogic Systems - Oak Ridge, TN",,
Software Development Manager -- Professional Employment Group of Colorado ,1/27/2026,remote,Professional Employment Group of Colorado ,,
Senior Cloud Infrastructure Engineer -- Digioh,1/27/2026,,Digioh,,
,,,,,
"Quality Engineer (Remote) -- Software Resources, Inc.",1/28/26,remote,"Software Resources, Inc.",,
Software Engineering Delivery Manager -- Pride Global,1/28/2026,remote contract,Pride Global,,
Senior QA Lead – Windows .NET Applications -- Central Point Partners - United States,1/28/26,remote contract,Central Point Partners ,,
,,,,,
Software Integration Engineer -- American Sound,1/30/2026,remote,American Sound,,
"Experienced Software Engineer across a wide array of tech stacks -- 
Infinity Software Development, Inc",1-30-2026,,"Infinity Software Development, Inc",,
Senior Data Architect with Des Moines University,1-30-2026,,Des Moines University,,
,,,,,
Senior Data Analyst -- Kode labs,1-31-2026,,Kode labs,,
Senior Applications Developer C# .Net -- Acadia Talent Advisory,1-31-2026,remote,Acadia Talent Advisory,,
,,,,,
senior engineer -- wilco source,2-1-2026,remote,wilco source,,
software engineer -- ccs global tech,2-1-2026,remote,ccs global tech,,
Software Engineer (ASP.NET/SQL)  -- nbcuniversal,2-1-2026,remote,nbcuniversal,,
Senior IT systems engineer -- ornl,2-1-2026,,,,
,,,,,
Software Engineer / Sr Software Engineer,2-2-2026,,Applied Systems,,
Software Engineer,2-2-2026,knoxville,Jobot,,
Senior Software Engineer,2-2-2026,Knoxville,Sales Xceleration Recruiting,,
Software Engineer 5 - Content Localization,2-2-2026,,netflix,,
Tech Engagement Lead,2-2-2026,,CareNet Health,,
IT Audit Associate,2-2-2026,,Kearney & Company,,
,,,,,
Senior .Net Developer,2-3-2026,,Seneca Resources,linkedin,contract
Senior .NET Backend Engineer ,2-3-2026,,Selby Jennings,linkedin,contract
Senior Software Engineer ,2-3-2026,,LearningMate,linkedin,
Senior Software Engineer - Enterprise Integrations (R-49985),2-3-2026,,Crowe,https://careers.crowe.com/,
.NET Software Engineer - US Remote Opportunity,2-3-2026,,Unison,https://careers-unisonglobal.icims.com/,
Senior .NET Developer,2-3-2026,,Agile Resources,linkedin,
,,,,,
Software Engineer - Mid-Level .NETCore ,2-4-2026,,Prestige staffing,linkedIn,
Sr Dotnet Developer - 100% Remote - Direct Hire (Full Time),2-4-2026,,Akkodis,linkedIn,
Lead .Net Developer,2-4-2026,,Strategic Employment Partners (SEP),linkedIn,https://www.linkedin.com/jobs/collections/recommended/?currentJobId=4321620153
Senior Software Engineer (.NET),2-4-2026,,Topstep,linkedIn,https://www.linkedin.com/jobs/collections/recommended/?currentJobId=4367659359
Senior Software Developer,2-4-2026,,Krasan Consulting Services,linkedIn,https://www.linkedin.com/jobs/collections/recommended/?currentJobId=4366942637
Senior Software Developer,2-4-2026,,TherapyNotes.com,indeed,https://www.indeed.com/viewjob?jk=45dc614d53e5dafe&from=apply-conf
,,,,,
Regular Software Engineer | Remote | Contract,2-5-2026,,"Walker Healthforce, LLC",Indeed,https://www.indeed.com/viewjob?jk=241345e334d43560&tk=1jgmabdg6h0d3801&from=jobi2a&advn=2022886443036741&adid=450470026&ad=-6NYlbfkN0DgXLuV-S6C0NooCHYZz1szndftZ5R6dKT14daUa0u_TW9rNd0XDUxtTkIWS1VgygeTmna4qqBTQspP6xmwg7x5RXGbwy7UAKWGwtQ99ELoOdjNxsMqftcU1whNKRplntkq2y1DzRPY8pQaAkRvZ1wOs63ijtwIw1nOdvk-lpuZ4Ze01Q2pe-OxD84RLK__CHCYMA_BDjQ7oGQZ540pkfC5Kus95guEdmo8g89YI8ihNIs-OOPfPDEB_5Im3rDMD77yRed6H1DQiXJz9bCiFOkxO6DsVcb3BL0WPXau2GuCrm4LnCXnzrV1lYUh6l0Z5r3VAXjNcPZZQDdyZ6QrFnQWAKwG6juI1Lonqoj41WRFZBWl1O1oC0LY4OERsbE3CVyng0rM2_iUe2mJDL9z51U6MVrbJXnsuHdKt10oCE972SgGWXv03Or80qEJSJS6QiCzNt_Gny2tEwBirsu2jq9npFMoF7lqoBOgC6370NgUJu3NKrn96ukNnYMjYiVewwpMKXeqdl9oexzGyAn7A_RfrB4DhnuSZ4LJUg55bebHB4dxaJnuaV3oKqC1VCw-oyDxH1g4CBBlf-S1XS-8meoLb4_4M9gXfIUH_S05GuOFz5Dkc6ZXvqp9&sjdu=qnhsnUirgRoVL4lHnJ2uh78dEfNeUoJoT1ZsDBFU23RehcODMUPr57FCPhIRl5vEvmaNWCAILDUQdc9OuSv1pWBwhthsEjZdN9PiMuHrQmhUY6m_2Ix1ckfQoqtkmg82&acatk=1jgn3c4fign1n804&pub=21d85ca573e478f5e659e48885c828920cace3277f6b99df&i2af=jobi2a_multijob-en-US_email&camk=UoKtGZLa3XKotLtH5DjwGQ%3D%3D&jrtk=5-cmh1-1-1jgmaapn3j91s804-241345e334d43560&xkcb=SoAu6_M3nWcibsWjrJ0KbzkdCdPP&xpse=SoAT6_I3nXO_VMS7oR0NbzkdCdPP&xfps=91715358-3c07-4a4d-9502-d4f75e28fd24
"Backend Developer - AI Integration Specialist Remote $114,400 - $135,200 a year - Contract",2-5-2026,,OtterSoft,Indeed,https://www.indeed.com/?from=jobi2a_multijob-en-US_email&tk=1jgmabdg6h0d3801&vjk=85ecf0a01f301f47
Senior Software Engineer,2-5-2026,"hybrid, devor",Copic Companies,linkedin,https://www.linkedin.com/jobs/view/4366053669/?alternateChannel=search&eBP=CwEAAAGcLkDAN0z5dE3E317qpFxzKAwOX4HAzyGHy3o2puXbsEqEYdrWhbaCj93jnqZ2kwyC31MDBeI4XrNQzKjm4YmC-IU7FXKn1p2cVqJLT8HJANrmmHNNtZ7plIjMN3iMZvIQB68moK0cxryE_0kOKEdiZyvGNGmMcgfzIjOG9IAH0L005LC_LwNIbcCmojFK45A-Enx8AyI7fTjzNRAmHmtu7gb1ep7uc0ldHkpricKcfFF96Xjl4gszACN7c83p--wN5ns_s_wgfiPknjD_4CTcny_X6jMISv649gBMNgT7vMvrULuJ4EWM2hJ1gmA8hOppnk7ZyucEEz7dUeNGftqiouE2iSaww6IfnWnI9nMBm-co9vi_xd4tsL-hjfdcgN5xHAChHuTzAlrSO-n3oUQfu5BH2gwR9OhIQ_NAww4HXLJ4xyUi0JXF2jVewCmG1g-ps7VPEfwg7Jz5qsg3au3M0gPgWPbO62S4DUFoLEPljixqteSt_z4&refId=LpxtpezbpmYqBtGOqrz%2BNQ%3D%3D&trackingId=1wxC2grJwPhbBwmjDRxIaA%3D%3D
Senior Software Engineer (Backend/.NET),2-5-2026,"OnTheClock · Macomb County, MI (Remote)",,linkedin,https://ontheclock.bamboohr.com/careers/41?source=aWQ9MTk%3D
.NET Engineer,2-5-2026,remote,"AdvanceNet Health Solutions, Inc.",linkedin,https://www.linkedin.com/jobs/search/?currentJobId=4368838740&keywords=data%20engineer&origin=BLENDED_SEARCH_RESULT_NAVIGATION_JOB_CARD&originToLandingJobPostings=4369497523%2C4369448877%2C4360582195
SQL Engineer,2-5-2026,hybrid,"Domestic & General · Louisville, TN (Hybrid)",,https://domesticandgeneral.wd3.myworkdayjobs.com/DeGCareers/job/US-Louisville/SQL-Engineer_JR101540?source=LinkedIn
Software Engineer (.NET) ,2-5-2026,remote,Kavaliro,,https://www.linkedin.com/jobs/search/?currentJobId=4369093697&keywords=data%20engineer&origin=BLENDED_SEARCH_RESULT_NAVIGATION_JOB_CARD&originToLandingJobPostings=4369497523%2C4369448877%2C4360582195
,,,,,
Sr. Software Engineer,2-6-2026,illinois,OtterBase,,https://www.linkedin.com/jobs/search/?alertAction=viewjobs&currentJobId=4369269891&distance=25&f_TPR=a1770266322-&f_WT=1%2C3%2C2&geoId=90000384&keywords=software%20engineer&origin=JOB_ALERT_IN_APP_NOTIFICATION&originToLandingJobPostings=4369269891%2C4369641462%2C4368792192%2C4369136116%2C4368697935%2C4369213104&savedSearchId=8438232274&sortBy=R
,,,,,
Senior .NET Developer,2-7-2026,remote,Brooksource,,https://www.indeed.com/viewjob?jk=0b536dda5ac3d25e&tk=1jgrf2v3lkdea801&from=jobi2a&advn=3752356117023190&adid=404961756&ad=-6NYlbfkN0BhNN3PPgKPbTMZB0Y0J5JTZS3FnMM-ugqbblX4_m-srBpqYZc5zS5vF5g72Z36lpJAdDXZygw9avaxuXFu9tNwViNaiaEDcJ_uGUCYl4WTY1tSEnvlpyCph_q6Bu8HbyESvAKjoNmW89mwYQAnaLhTEQoUCcU8wScIfTeiGbl5uL6lPiU4THe36E24P-GBFCAT6ZyfBlT1sHEFxt8leNlsryE6Z3EbiZLXk3za5oYhlfiliuzzHkjUd1u5OxnvnijRSquz1gt3zgsaoGfcfyZkldCjbccElCWOV2SrdfRBme2hfka3odEiWOeIQpAu7BlsS31VaUgkfxhxMOQ6KnUov-fvdoOzhc3mspWhYWWqfZICuaNko_xgXZHTJVyefHIdG7LNt91WeXXhYYZLnQ0FgHb2O_gefYk5kjn6J8A_JsnlWvWRkaTSlxVqEvEs-_P_Gpr0t9J7Zze50tb3tttXTwej19682xVQ0BN9deTl7wFm7n137C-A51alLbkWBPBIkIUFukMIFOyk2uNNL9ML_vJrP73yZmOdpGP-NBVUqxye72T8pXX6AWIXMUdvZ0vQZcBe1BZmHuRqWI27AGE3vsCdZEsWFMGoHBcDKq1jjw%3D%3D&pub=21d85ca573e478f5e659e48885c828920cace3277f6b99df&i2af=jobi2a_multijob-en-US_email&camk=H-lBaXMUocJ0PnoANE432g%3D%3D&jrtk=5-cmh1-1-1jgrf2kpjokh8807-0b536dda5ac3d25e&xkcb=SoDC6_M3nbWEMOWQTB0abzkdCdPP&xpse=SoDi6_I3ncDDb6yYFp0PbzkdCdPP&xfps=2a29f258-c4cb-4f16-b08b-bee17bad6ce2
Senior Software Development Engineer,2-7-2026,remote,KeyPleaz,,https://www.indeed.com/viewjob?jk=571bda2664f64625&tk=1jgrf2v3lkdea801&from=jobi2a&advn=920787375889637&adid=456450036&ad=-6NYlbfkN0BnK-j1pJ__U9ZfTSM1R0qyg_PGBhCtibbl8rOGZRkjsJtw7zxtTyYFT9uKvCYR_SzYqc9bM2m1KqYbt0f_sq8HSGcmWmKpCbRf2XJHRL-yt7PYUVV6KIuj3PH6C_MYjWoSxN5Qv9SedpuahDalDg1fDNKz0_c13NZX896KKhZAsAYdIHAQrl8ZJeXRo0G-SvzEM06ypOyx5WJE48_6nxfkkRKkojjaeSqfVSlmK2yqjwUL7NuR3LBqQ11mbdXxrLX59zKztUoZfJQz4XlssfQzbnE0N3Esnkp9LZyyXChffp-tMDhINcplwlE9XL9VTf7wIOgMJ1EgciUBfvYKc-Na5P5H_cmkzGLRFMRZAmuNnbDbZNDHsP0kyXI1im5A6NnvCoSAm90JEHIZiY5mDa4GxzZxd-I5z6NnXCviUDbbnlZoWRd1z6kOrydM6mKoIowtZm9mjmJEfDBOrTWl_6vNQyksSdaeGTzDbGwetyzJAfulok33G3J9-SX2eCDEA98fsfW05y9LfAz9TOdwTLGLWMvDCoT5Ppok8zvy6cukE01PMGRMCQDDkeYbebl03_IqH6Exd3Ko7p66rdy2iOLkThDgt_UA2uNKeTwEZCwrMeqypA808QN6&pub=21d85ca573e478f5e659e48885c828920cace3277f6b99df&i2af=jobi2a_multijob-en-US_email&camk=UoKtGZLa3XKuTsx30OGUHw%3D%3D&jrtk=5-cmh1-1-1jgrf2kpjokh8807-571bda2664f64625&xkcb=SoBq6_M3nbWEMOWQTB0hbzkdCdPP&xpse=SoCv6_I3ncDr9fSXHB0PbzkdCdPP&xfps=07bebc58-f971-404d-9ff9-8185a2c341f2
Software Architect,2-7-2026,remote,sourcetoad,,https://www.indeed.com/viewjob?jk=9e516c78807318c2&tk=1jgrf2v3lkdea801&from=jobi2a&advn=4312714644473158&adid=456454504&ad=-6NYlbfkN0CjhlpcIGk8MRrqVEZC62LDhbw9yf8nYsDbPLbnAzWIoJdGQejzdjSox_GillGOcJ75synHi0HIjtplES0ynLe2g8YCHAiOS0iCe-PYvZjsfSgbEhcocrE4blZdUF7fjpIa7FrNEaKzsSPMsZOEAM3W6QvTfmpLqzBHs1I9o7tge-nKSQScehOeHQmvNrjeLKEZa1KkbpXnXfsJAV588zIFm7mOfSVdu3QVmSOIiFidYj1R-3bDrl4Sir2Mo4ulVlYQ-AbRJl3pphwoVA9vCaGcvRRi7FUwdBGy7JDQ7a2H78ijosFb9Y0iQ5SbTBw1eZOn7bobFF3FFCH-zmqc0isrPOl_meejXR9NugtDmzrWPTDAthLU5nNruuPhORRFJhOPj3oEAB0O0yssZ_cdU4dbQa-mfPVox79vbEUdgmfeb9dDsz_aNeR5ftY838l1cCQvOqiNiCP7aesfh19xJY0pJ1cMYvFNAabLH91CJcb62KxyityEfXKI1L5Bw-AuipwmmW0KRVmeY34V1casmoJh2893pysvFhnkV7sHlo5cwxsG1UQRyNEhVUBdCb-cs3r4YByrcwEfQVbooXRd8R4LynXahQtFh2W48CAPfIoYICdxbpPBNfGp&pub=21d85ca573e478f5e659e48885c828920cace3277f6b99df&i2af=jobi2a_multijob-en-US_email&camk=UoKtGZLa3XKAq9oAghhfBg%3D%3D&jrtk=5-cmh1-1-1jgrf2kpjokh8807-9e516c78807318c2&xkcb=SoAg6_M3nbWEMO2QTB0fbzkdCdPP&xpse=SoD86_I3ncD4lYSbRp0PbzkdCdPP&xfps=4672b467-fcab-472b-a600-37845e88e835
Senior Data Infrastructure Engineer,2-7-2026,remote,Rise Technical Recruitment Limited,,https://www.indeed.com/viewjob?jk=3f8834b1afe9b136&tk=1jgrf2v3lkdea801&from=jobi2a&advn=8974931266740428&adid=454161605&ad=-6NYlbfkN0A1TqbH9HyVIoHoSSwS57OrbIBFj-0eZTPMY3bNP8iJZUyKyC74e5VB8TVoIb44jx_ImVprMuCcFqwEZVURDnV5m79Fy0mZfBPI9l2X1zApTHYfZAnDAee_XuK5zaiYqgehNG1exW_oVMhhCe41AFKe2hFwQIZi9xwyB5KoBPUicbryISjwoCD3AbODSCdB92I1utv4F-oJySOI2yASClA0yPRR6mJ8hahF1_kGBaG20WjFH5T25EEGvn-nqBgMLo8g_K65RItUebGrKx0Pmz-eOMdKFzC9vyUZjEDBByoEbL2guv_0wh4gQWvcSix0Rroc5AcPKNpTee3yVrg0JcjIGFPcdhdok8O1TnnG1fmBY5UvRWF-Z4funtiqemtfaxk5eaBCCrRXs2Nc4mZfwo5ZHod4DwxRyTOlh-_mDI6ZxVsHhXTuwaYwz0qbj6G3sBckrFVoylEGwW3_KO1YDIRBKp_U-tFdq2MShKEpCQfZtXv_W4uyGznkq5snC1z2o8ijy97GZDiRaJMzxKPGYwM_4WBPk_eLI0YD1M_nlJ-Tc_59CCp8fC-ie4VPuiqdSKid9SnjFuGXw6noLJoic5hhSIDW6azUXFyhfRKaywaRuulpT422Ioeg&sjdu=vUz3PJIdpGfygLQXVlxEDmKXVNt8clztZRHj3YFlQ1kLGYsC6YiibsDFOjRUS192y5mWJ5Be6ogk42T-uRcOfgN-nZK_RZwkYpPRYXUuMuNllU6EjePEmnKcaP5OKWttO7vKshRkkqAvghRCMZXjpqDqdOfsOLBS2JEeMMjYBcs&acatk=1jgs6a1uag6ia802&pub=21d85ca573e478f5e659e48885c828920cace3277f6b99df&i2af=jobi2a_multijob-en-US_email&camk=UoKtGZLa3XLxE_S-sWaFRg%3D%3D&jrtk=5-cmh1-1-1jgrf2kpjokh8807-3f8834b1afe9b136&xkcb=SoDg6_M3nbWEMO2QTB0SbzkdCdPP&xpse=SoDT6_I3ncEn5QSYn50PbzkdCdPP&xfps=666c4985-8dc8-4276-91e9-c69b05519687
Software Engineer,2-7-2026,remote,Difference card,,https://www.linkedin.com/jobs/search/?alertAction=viewjobs&currentJobId=4369699388&distance=25&f_TPR=a1770352194-&f_WT=1%2C3%2C2&geoId=90000384&keywords=software%20engineer&origin=JOB_ALERT_IN_APP_NOTIFICATION&originToLandingJobPostings=4369699388%2C4369731702%2C4369667254%2C4361018229%2C4360558954%2C4361065776&savedSearchId=8438232274&sortBy=R
"Senior Software Engineer, .NET",2-7-2026,remote,Aspira,,https://www.linkedin.com/jobs/search/?alertAction=viewjobs&currentJobId=4369949047&distance=25&f_TPR=a1770352194-&f_WT=1%2C3%2C2&geoId=90000384&keywords=software%20engineer&origin=JOB_ALERT_IN_APP_NOTIFICATION&originToLandingJobPostings=4369699388%2C4369731702%2C4369667254%2C4361018229%2C4360558954%2C4361065776&savedSearchId=8438232274&sortBy=R
Software Engineer 3,2-7-2026,remote,Comcast,$ophiaBaBaBaBa2026,https://www.linkedin.com/jobs/search/?alertAction=viewjobs&currentJobId=4370016570&distance=25&f_TPR=a1770352194-&f_WT=1%2C3%2C2&geoId=90000384&keywords=software%20engineer&origin=JOB_ALERT_IN_APP_NOTIFICATION&originToLandingJobPostings=4369699388%2C4369731702%2C4369667254%2C4361018229%2C4360558954%2C4361065776&savedSearchId=8438232274&sortBy=R
System Data Integration and C# Full Stack Developer (Mid-Level or Senior),2-7-2026,,Boeing,,https://jobs.boeing.com/job/renton/system-data-integration-and-c-full-stack-developer-mid-level-or-senior/185/91426040080
Senior Application Developer,2-7-2026,22nd Judicial Circuit Court of Missouri,,,"https://www.indeed.com/q-software-engineer-l-st.-louis,-mo-jobs.html?vjk=ad23b7347094c881&advn=5596838134381446"
Software Engineer,2-7-2026,"MiTek USA Inc - 16023 Swingley Ridge Road Chesterfield, Missouri 63017, USA",,,https://www.indeed.com/viewjob?jk=b5c722b4034c4f5b&applied=1
Full Stack Software Engineer III,2-7-2026,Acosta Group,hybrid,,https://eczy.fa.us2.oraclecloud.com/hcmUI/CandidateExperience/en/sites/CX_1/job/15410
Software Engineer,2-7-2026,Mid-America Transplant Service,St Louis,,https://www.indeed.com/jobs?q=software+engineer+c%23&l=st.+louis%2C+mo&radius=35&from=searchOnDesktopSerp&cf-turnstile-response=0.Xws2rhlMFIcw8p-JA__iNs_htyeUFiETY4COjnlmj1MLHuTxhqcMwp-3IOyFgsCqH7yqY9mkmInvTYUByCUFYV9DKdDOoH6NT5HHfc5kA7HTRhvGOYkJZsl7jICh0eumNT1cScNek2CGzJ891VWRH1etlX1eni0qaFg6JrecrkwdKkub_ahpKNtoMUn0LLm2nWaZI-esZKpiMX2OcNcRM4-e1gaHSukTU83g3oRGu3CRzHuCOobmLh3FMMMwikUuaPiCjuBlOkPM_Xjo3i5gFwaGVgefHHLrk1Dzoyun6_lIENnvC3fBMnRFyHVYqE45tRvz7NnQuK-xcFjM9lgtEzXrjiFff67kV85hJHZLtqBnQ1xJZAak3suWCbf8cCoqB41JC3x5x-0pAsOuLKOmgH1YadJImHnSSw1hBxWKYp961Rg3H2eRtX2P-WkSX8WJNgfxqNKDMOQZ0LyuVYp6oQd9efu9CKO8jUwV6I4u8kz1FQ4TO_GCBU6uVNav72oRocgiZ3l0HMz9rlL3WtxepKfzIKCT_dYlBBrNFjeCl96oeAjk7cTiGS99vMzZXTa3R-GxAjGw5jgwOMFkJ-y7Mj3lsg8osJ2Qn8GkLlYLJ-Pokpv2-pXU2UDOdfFPis8BwHI4lPUwnfge68OGcAeLqjVe9b-huRaUKrieh5wOTOmrPFwNW_DE_DxumSMYbEmuU2LgtBEl5vjyTBaLwsI22f7ib1K0ISdXqJ7Vnpp-4mOZr6By-GAWhydn4L8CIqpuN2SOWfMy5n8lFRQpTk3N1VQiw3LkxpSV15X9LLzvVencKgXWEljEjaomaI-h4hXimMa_P4G-tUzRRdgyMeUmDkUfwJ1uiNUeXmvF1wag9xtRCbu_srQ7S9-DHuee-Ahit2yPxY4K1YG03yMsnI-Lo9YqIvS-wm3TbmdCnxh_zSw.YztQiOKvWCXPYdUd5e_ZWw.9a1d7246f481b0b30cd3d4403d6e61a4a1caddb4777b9459a7858a912fb494cc&vjk=f46226aa6d01a0ef
C#/.NET Software Developer,2-7-2026,timberline,"St. Louis, Missouri",,https://timberlinegrp.catsone.com/careers/7276-General/jobs/14477391-CNET-Software-Developer
Software System Developer (18334),2-7-2026,Y12,Oak Ridge,,https://www.indeed.com/q-c%23-developer-l-tennessee-jobs.html?vjk=bdaa6ee738ff630b
Software Developer,2-7-2026,BIS,Pine Flats TN,,https://www.indeed.com/viewjob?jk=7d566b9fdc15b0fd&from=shareddesktop_copy
Software Engineer (C#/.NET),2-7-2026,TMS from $60 contract,"Mount Juliet, TN 37122",,https://www.indeed.com/q-c%23-developer-l-tennessee-jobs.html?vjk=261a845476e94ece
Software Developer,2-7-2026,Patriot Machine Inc,"Saint Charles, MO 63301",,"https://www.indeed.com/q-c%23-developer-l-st.-louis,-mo-jobs.html?vjk=3ecbb8e1aececd1b"
Senior .NET Software Engineer,2-7-2026,CoStar Group,Nashville,,https://www.indeed.com/q-c%23-developer-l-tennessee-jobs.html?vjk=ae7fe01d81ab74a6
Senior Full Stack Developer,2-7-2026,OktoRocket,"Franklin, TN 37067",,https://www.indeed.com/viewjob?jk=242e6c9a504a123a&from=shareddesktop_copy
,,,,,
Software Engineer,2-8-2026,K9 recruitment,,,https://www.linkedin.com/jobs/view/4369136116/?refId=&trackingId=
,,,,,
"MES Software Developer (.NET, C#, ASP.NET)",2-9-2026,"TalentBurst, Inc","remote, contract",,https://www.indeed.com/viewjob?jk=d6f1476e9ba53b81&tk=1jh0gkm0soivg801&from=jobi2a&advn=2769455239497812&adid=440379107&ad=-6NYlbfkN0AytblDjMhCTRr2PwXSTF3LlCyagmIhB_qBKYhkTsU9J-VJD4q95ts9e-QUNN1VR2EoXEOiZibnTDLIuuBNYLA08D7RbvNLqwPUvWMSNw6m9LjqopTtUbUUuj625uMRafiqb9bIAXbhvN2owXaERzO5KKZqNqW8vWOW0bfkscfnTgTA-oGbEJ86dpL7sHXIN49-v8aGCLE3qMYiJZlolyotE9L79atKkdt4-v9O8_sYoEYxRctURlKKUiayJSu3j0Y1KzQ6OGLWSOZQo5aaf3jy3UUonkBOg4f1NOOJzzMTdcNiYzoMcq10CflME5sSXcH2lg0IoqReS0FKXbfhxnZ7mj2ATcoG2ADKTnIfwHx6qrMaO-uU3DI4SXL7qf6uqv7gU2gIlRZbKPLWzeiw7lLGRnaS4axgTYpByRkXmio31k3-5LCx3SVDzC8AcNaDjrC5aXVBmei5LeEwyzKY0PARweXvcUGk5TTwd2SjUJUcqHBqCjCQn-02DWR6JORNrBVRq44WJPffepwDNs1dH0y17CgcKf0Yk6Pmo4fUBdM-h55vRvDJgAf9mhrT1TY7_GJnROitIrme6w-WMt8VIjwEo5a_DAdTm_vf-mHrkemaSg%3D%3D&sjdu=W0jaj0pTY_BDBE_MIyOcneEuVP8WUUyP4TIe8fxBRyGY1R9DH7c0Slu1D1C06JAuflYHd4yhEJL4rYOd9vXJ5nCdq9Uu6n0Fk7kshHheWKODL8Puf24ReipaU_PIv_7_k6g2Q3ZPTmjsvzXGIddhsKXXEkEgB-Ow5tjWM5JDgTgAkz1yMwH8gfWlPxMpxuZeTJVmBt4gCyG-7jNWwAoOgPpCzVQqPnpSWHjA7fJHBeq7QeunfC-FIxF6Rl35DmfvDirFyCdWrPjyQG2nsef6MQ&acatk=1jh1c1qudgbjh804&pub=21d85ca573e478f5e659e48885c828920cace3277f6b99df&i2af=jobi2a_multijob-en-US_email&camk=ethIe0s0hefoctjWbJ6ZMQ%3D%3D&jrtk=5-cmh1-1-1jh0gkkujn52q801-d6f1476e9ba53b81&xkcb=SoBe6_M3ngpdHRbBgJ0NbzkdCdPP&xpse=SoDd6_I3nhQIhTyCgh0NbzkdCdPP&xfps=705328e4-2fc7-4dcb-a1fd-483521457e18
Software Engineer III - API,2-9-2026,Verifiable,remote,,https://jobs.lever.co/verifiable/f4f46aea-3635-4a3b-92f2-7cde5e946a5c
"Senior Software Engineer, .NET",2-9-2026,GeneDx,remote,,https://www.genedx.com/careers/openings/?gh_jid=4653704005
Senior .NET Engineer,2-9-2026,CloudPackets,remote,,https://www.linkedin.com/jobs/search/?currentJobId=4370040447&distance=25&geoId=90000384&keywords=software%20engineer&origin=JOB_SEARCH_PAGE_KEYWORD_HISTORY&refresh=true
Sr. .NET Developer (Remote),2-9-2026,global life,remote,,https://www.linkedin.com/jobs/search/?currentJobId=4369422861&distance=25&geoId=90000384&keywords=software%20engineer&origin=JOB_SEARCH_PAGE_KEYWORD_HISTORY&refresh=true
Dotnet developer,2-9-2026,Mriti InfoSystems Inc.,indian recruiter?,,https://www.linkedin.com/jobs/search/?currentJobId=4353184472&distance=25&geoId=90000384&keywords=software%20engineer&origin=JOB_SEARCH_PAGE_KEYWORD_HISTORY&refresh=true
Senior Dotnet Developer,2-9-2026,"Concorde, Inc · United States (Remote)",,,https://www.linkedin.com/jobs/search/?currentJobId=4360816472&distance=25&geoId=90000384&keywords=software%20engineer&origin=JOB_SEARCH_PAGE_LOCATION_HISTORY&refresh=true
Dotnet Developer ,2-9-2026,Vaiticka Solution,contact 58/h,,https://www.linkedin.com/jobs/search/?currentJobId=4370553161&distance=25&geoId=90000384&keywords=software%20engineer&origin=JOB_SEARCH_PAGE_LOCATION_HISTORY&refresh=true
"Senior Software Engineer - (C#, SQL, Application Development) - ET hours ",2-9-2026,OneStream Software,remote,138k,https://www.linkedin.com/jobs/search/?currentJobId=4307577190&geoId=103644278&keywords=onestream%20software&origin=JOB_SEARCH_PAGE_KEYWORD_AUTOCOMPLETE&refresh=true
Senior Backend Engineer - SQL and C#,2-9-2026,skillable,remote,,https://ats.rippling.com/skillable-careers/jobs/65691707-c28a-488c-915e-d5610ed92726?jobSite=LinkedIn
,,,,,
Senior Dotnet Developer(W2),2-10-2026,Technology Hub Inc,remote,,https://www.linkedin.com/jobs/search/?currentJobId=4370439046&geoId=90000384&keywords=.net%20engineer&origin=JOB_SEARCH_PAGE_SEARCH_BUTTON&refresh=true
Senior Software Engineer,2-10-2026,IStaff,remote,,https://www.linkedin.com/jobs/search/?currentJobId=4370885067&geoId=90000384&keywords=.net%20engineer&origin=JOB_SEARCH_PAGE_SEARCH_BUTTON&refresh=true
Lead Software Engineer - remote / work from home - EST/CST ,2-10-2026,Expert Technical Solutions,remote,contract to hire,https://www.linkedin.com/jobs/search/?currentJobId=4370928589&geoId=90000384&keywords=.net%20engineer&origin=JOB_SEARCH_PAGE_SEARCH_BUTTON&refresh=true
Technical Integration Specialist,2-10-2026,Aptexx Inc,"2035 Lakeside Centre Way, Knoxville, TN 37922",full time,https://www.indeed.com/jobs?q=it&l=knoxville%2C+tn&commuteTime=35&from=searchOnDesktopSerp&vjk=deeb1a9d80d3325c&advn=7053544139170109
Full Stack Software Engineer - Blazor Focus,2-10-2026,Zetron,"6634 Central Avenue Pike, Knoxville, TN 37912",,https://www.indeed.com/?vjk=83c818746702b6d5&advn=136029603942923
Senior Software Engineer,2-10-2026,Meet Life Sciences,remote,,https://www.linkedin.com/jobs/collections/recommended/?currentJobId=4356487267
,,,,,
Ebusiness-BI Analyst-Knoxville-Hybrid,2-11-2026,nancial services,hybrid,Knoxville,https://www.linkedin.com/jobs/collections/recommended/?currentJobId=4356487267
Senior Software Engineer,2-11-2026,AssetWorks,remote,,https://www.linkedin.com/jobs/collections/recommended/?currentJobId=4369696332&discover=recommended&discoveryOrigin=JOBS_HOME_JYMBII
interview,2-11-2026,OktoRocket,,,
,,,,,
Sr Level .NET Full Stack Engineer ,2-12-2026,"V-Soft Consulting Group, Inc.",remote,legacy app transform,https://www.linkedin.com/jobs/view/4329140885/?refId=012ca1e4-bcf2-4919-8208-e0c13925250d&trackingId=oJx5v7zVQ9ilhRX1RaUsNw%3D%3D
Senior Software Engineer II ,2-12-2026,CivicPlus,remote,,https://civicpluscareers.ttcportals.com/jobs/17211911-senior-software-engineer-ii?__jvst=Job+Board&__jvsd=LinkedIn
Sr Software Engineer,2-12-2026,HealthEquity,remote,,https://careers-healthequity.icims.com/jobs/7809/sr-software-engineer/job?source=LinkedIn&mode=job&iis=LinkedIn&iisn=LinkedIntsep
Sr. Software Engineer (Feature Focused - .NET/C#),2-12-2026,Jobot,remote,"$165,000 - $200,000",https://jobot.com/details/sr-software-engineer-feature-focused-net-c/e5e7078c01?utm_source=DigestAlert&utm_campaign=A&utm_medium=SimilarCandidate_JobTitle
Data Developer,2-12-2026,MasterCraft Boat Company,,,https://www.indeed.com/jobs?q=software+engineer&latLong=35.96064%2C-83.92074&locString=Knoxville%2C+TN&radius=25&from=searchOnDesktopSerp%2Cwhatautocomplete%2CwhatautocompleteSourceStandard&vjk=486637559f2b1748&advn=3717104115177937
Software Developer - ReferralMD,2-12-2026,,Electronic Referral Manager Inc.,,https://www.indeed.com/jobs?q=software+engineer&latLong=35.96064%2C-83.92074&locString=Knoxville%2C+TN&radius=25&from=searchOnDesktopSerp%2Cwhatautocomplete%2CwhatautocompleteSourceStandard&vjk=85df61f0b8ca33eb&advn=6773562138899129
.NET / Microsoft Application Developer,2-12-2026,"Dev Technology Group, Inc.",remote,government contract,https://job-boards.greenhouse.io/devtechnology/jobs/8414359002?gh_src=kw45jgqy2us
Senior Software Engineer,2-12-2026,SkyBridge Resources,Kentucky,,https://www.linkedin.com/jobs/view/4371601907/?refId=bed94301-cdb5-4d8c-95ee-6b93f1556319&trackingId=%2BsNYtNRrRzqn8RVjB7iQkg%3D%3D
Application support technician,2-12-2026,Palco,,,https://www.indeed.com/viewjob?jk=331d88240ee74ba8&q=it&l=knoxville%2C+tn&tk=1jh9fa3rp20lh000&from=ja&alid=69737ebad6f0e00ceceaab89&g1tAS=true&xpse=SoCq67I3npoUyNyEM50LbzkdCdPP&xfps=84e3ba64-4880-419f-bf3c-9c6ecd3ab3a0&utm_campaign=job_alerts&utm_medium=email&utm_source=jobseeker_emails&rgtk=1jh9fa3rp20lh000&xkcb=SoAV67M3npWnT4xpY50LbzkdCdPP
,,,,,
Lead Software Engineer - .Net (Remote),2-13-2026,"Progressive Leasing, Draper, UT",remote,,https://progleasing.wd5.myworkdayjobs.com/ProgLeasingCareers/job/Draper-UT/Lead-Software-Engineer---Net--Remote-_JR101418?source=LinkedIn
Senior Software Engineer – Data Integration (Healthcare),2-13-2026,PSI (Proteam Solutions),"columbus, ohio",,https://www.linkedin.com/jobs/collections/recommended/?currentJobId=4369558386
C# .NET Engineer – Specialty Channel Team (Remote),2-13-2026,"WebstaurantStore · Lititz, PA",remote,,https://www.linkedin.com/jobs/collections/recommended/?currentJobId=4321526969
Software Development Engineer V,2-13-2026,Avalara,remote,,https://www.linkedin.com/jobs/collections/recommended/?currentJobId=4342693385
,,,,,
"Product, Platform & Enterprise Full Stack Software Engineer II (Remote - US)",2-14-2026,BNSF railway,remote,123750 to 175000,https://www.indeed.com/viewjob?jk=5bded191059a3330&q=full+stack+developer&l=Remote&tk=1jhd3eq2cj4l9801&from=ja&alid=6970d367ce645b67a4f71a65&g1tAS=true&xpse=SoAj67I3nuN7C0ybXZ0LbzkdCdPP&xfps=31400104-01aa-4d21-ac5c-983571c2f308&utm_campaign=job_alerts&utm_medium=email&utm_source=jobseeker_emails&rgtk=1jhd3eq2cj4l9801&xkcb=SoDU67M3ntO0v8RI6Z0PbzkdCdPP
Senior Full Stack Engineer - Customer Solutions,2-14-2026,Stratus,remote,,https://www.indeed.com/viewjob?jk=304c61f15cf97af6&q=full+stack+developer&l=Remote&tk=1jhd3eq2cj4l9801&from=ja&alid=6970d367ce645b67a4f71a65&g1tAS=true&xpse=SoCe67I3nuA8lOS4xZ0LbzkdCdPP&xfps=631b7681-1d04-4ad7-8763-afbb45e80b47&utm_campaign=job_alerts&utm_medium=email&utm_source=jobseeker_emails&rgtk=1jhd3eq2cj4l9801&xkcb=SoD967M3ntO0v8RI6Z0NbzkdCdPP
Mid Full-Stack Developer,2-14-2026,Management Science & Innovation,remote,"$110,000 - $130,000 a year - Full-time",https://www.indeed.com/viewjob?jk=9f9d40fc770bb99e&advn=1609979693431061&adid=457159582&ad=-6NYlbfkN0BJ-PyTZZMzfn1sPeEAcinKtjR3z066qtmWhSOBnpSFXw8VVwjv2HcIu91fP-G41_g-KegtFKmeckRSoFvh51-JBlHzxmZPUJNeuA-8upzqH2A9e37uth05Yme7mqf8fKbN5tz6_gtUYztbF0Y-2Zp8tQXuTpht7sv40rLduPGPFtKQ-hPdc_zZVKGj9WlqtgGQarcvi35Rj6KDfzVJN6FHypVc-K3RuzSjbWfNB8CQmb-jcuRRyOeppPcM8hgp80o27supbMMVLe1BBw4RSQYQxqRkscavTGe7y-qYEmHbm9IAr8BhO57vuAWIGIerdiIn9YpVsns-tbD8xb4ifoscn4wi4Ndy8e39UrfqqM4276QVMkXWbZLGIqLg8C-YRJQ_YnF4EMJNkutiKEsojkRHGCdq5SRfmqva-_cx1fQn2y0EYtKSzFV0448_qJM72ITO-57kr9PRfFP50eW3n8-5onMLZj2vm_r1Ls5SygXkFZB9oMopieAQdtHaZtcKAgmcu2pnThKkroiAX0sKRCJ99YuwUqfua25nCfivvxQ5lOgJY33DdNbKzbtIJ3IjFV9m-3iPA6umf8Rp849gQ8gGmxwr548wgF0%3D&from=mobRdr&dest=http%3A%2F%2Fwww.indeed.com%2Fjob%2Fmid-full-stack-developer-9f9d40fc770bb99e&desth=43bde5dfd1640db0f7ca363e3d5dde66&dupclk=1&acatk=1jhe4sqf2g3ia802&rjptk=1jhe4slrfg2nh800&pub=4a1b367933fd867b19b072952f68dceb&camk=UoKtGZLa3XL6YuJ0sB1WxQ%3D%3D&xkcb=SoA56_M3nuB9ZbyQwh0PbzkdCdPP&xpse=SoBr6_I3nuB8lESSn50PbzkdCdPP&xfps=b5337042-cc13-4447-be8d-18a3fe411d4a&utm_source=%2Fm%2F&utm_medium=redir&utm_campaign=dt
Software Engineer - .NET/Aderant/Legal,2-14-2026,Ledgent Technology,remote,"$81,000 - $128,500 a year",https://www.indeed.com/viewjob?jk=3e192b8a0a147d21&tk=1jhdcjknugc94800&from=jobi2a&advn=8334639263528924&adid=455879196&ad=-6NYlbfkN0BhfrGGbcblirJ0_oD-V1jJ9SBvie1turFDKTAe6KCgN1MrDtAFDzZtxPFnuXWWauTizGHb0AA180KG8P5sH1O0TVQSPE3uvW_sk9_sFB7rqQP4zuYHPdlHZw0I3kyL9aTW5SYTNgdDj9gZSqwSLtmMYIzU5lfWsFvfJv1EKjZFRE1shRH2UhCZ56PRNgu0PH6vQbEACGMVUMBs89Zzj10HUjtT2o5f1ynd-zRC8ixLLANh0hpQVjMdIlJ5wMiZbzX4VI3w0qd7euBGoBjVgwy5IDg-LlOmnnnsqUTeJlB9viUBiWWCIQsMTictVWMGX8V_-lKgvOgaRx-vcIpdoJY0xC5d2vt-uIdWiJxe7B2d9LzIp_2F5opTWCBFrmHW8TGDIAYezAXOV7Q471yPJ3auYN3R7EY-_weB_ii5DuhM7gwYQSUK3vxL-ki1QR2r4FL8DNYQhW10J62NLiX4KH4larISaOs_9vHOyNNgwIJdNo8jZM4fXCT8IvzlB_tIT9mUFuLH3T4iQynmMG2BnR2kZ-YGmmH8JnC73PFOk3dBwqmvHYI77637HvwxsaEv5DTGNQdn7wp7E911YJunO2kei6eU_9DRMnL-pWzovwrW7A%3D%3D&sjdu=vUz3PJIdpGfygLQXVlxEDnPnVx1RwR9WnnR1VGa-f8rO5MpaY1AF-7c1a5kqTII0SJvLBkcPELPk2ASaYlDqafyb3dHtN-OThX7lccgHFux54eCSBEMsaIKZZUWkpjxy&acatk=1jhe5ehtq2230000&pub=21d85ca573e478f5e659e48885c828920cace3277f6b99df&i2af=jobi2a_multijob-en-US_email&camk=UoKtGZLa3XLCom5e2f5LLQ%3D%3D&jrtk=5-cmh1-1-1jhdcjjs8pipd800-3e192b8a0a147d21&xkcb=SoCL6_M3ntRYijWBwp0DbzkdCdPP&xpse=SoD26_I3nuC15oARir0JbzkdCdPP&xfps=b52455fc-5f9d-4ed2-b94d-b3f4ff29aa1a
Software Engineer,2-14-2026,Added Innovation,"Springfield, MO · Tulsa, OK · Remote ",80k to 100k,https://jobs.gusto.com/boards/added-innovation-4b7407e6-8578-453b-b5b7-d857e4dfd127
Senior Software Engineer,2-14-2026,Added Innovation,"Springfield, MO · Tulsa, OK · Remote ",100k to 130k,https://jobs.gusto.com/boards/added-innovation-4b7407e6-8578-453b-b5b7-d857e4dfd127
Software Engineer ,2-14-2026,Wellbe senior medical,remote,,https://www.linkedin.com/jobs/search/?currentJobId=4372123199&geoId=103644278&keywords=wellbe&origin=JOB_SEARCH_PAGE_SEARCH_BUTTON&refresh=true
Back End (C# .NET) Software Engineer,2-14-2026,ThemoFisher Scientific,remote,,https://thermofisher.dejobs.org/remote-gbr/back-end-c-net-software-engineer/730394157C53415796935F23FABCE7D9/job/?vs=105&utm_source=XMLFeed-DE&utm_medium=XMLFeed&utm_campaign=XMLFeed
,,,,,
Software Development Engineer II,2-15-2026,New American,,,https://careers-nafinc.icims.com/jobs/7735/software-development-engineer-ii/job?rb=LINKEDIN&mode=job&iis=Job+Board&iisn=LinkedIn
.Net Full Stack Developer ,2-15-2026,MethodHub,"remote, contract, knoxville",,https://www.linkedin.com/jobs/collections/recommended/?currentJobId=4372102705&discover=recommended&discoveryOrigin=JOBS_HOME_JYMBII
Senior Software Engineer,2-15-2026,GDI Infotech,"$145K/yr - $190K/yr + Bonus, Stock, remote, full time",,https://www.linkedin.com/jobs/collections/recommended/?currentJobId=4366112114&discover=recommended&discoveryOrigin=JOBS_HOME_JYMBII
"Senior Software Engineer, Payments Fintech ",2-15-2026,LHH,$120K/yr - $130K/yr remote fulltime,,https://www.linkedin.com/jobs/collections/recommended/?currentJobId=4368033600&discover=recommended&discoveryOrigin=JOBS_HOME_JYMBII
Senior .NET/C# Software Engineer,2-15-2026,Medical Knowledge Group, $130K/yr - $150K/yr remote full time,,https://www.linkedin.com/jobs/collections/recommended/?currentJobId=4369169132&discover=recommended&discoveryOrigin=JOBS_HOME_JYMBII
Senior SQL Developer ,2-15-2026,Kforce Inc,$50/hr - $60/hr remote contract,,https://www.linkedin.com/jobs/collections/recommended/?currentJobId=4367348113&discover=recommended&discoveryOrigin=JOBS_HOME_JYMBII
Sr .Net Fullstack Developer,2-15-2026,Apexon,remote fulltime,,https://www.linkedin.com/jobs/collections/recommended/?currentJobId=4369814977&discover=recommended&discoveryOrigin=JOBS_HOME_JYMBII
Senior .NET Integration Developer,2-15-2026,Valere, remote contract,,https://www.linkedin.com/jobs/search/?currentJobId=4372163010&keywords=valere&origin=JOBS_HOME_SEARCH_BUTTON
Sr Software Engineer ,2-15-2026,OncoHealth,remote fulltime,,https://oncohealth.us/careers/?gnk=job&gni=8a7887a19b137669019b9944914b008c&gns=LinkedIn%2BLimited
,,,,,
C#&VB.NET Developer ,2-16-2026,The Planet Group,remote contract 55 to 64/hr,,https://www.linkedin.com/jobs/collections/recommended/?currentJobId=4372134521&discover=recommended&discoveryOrigin=JOBS_HOME_JYMBII
Software Engineer II,2-16-2026,InComm Payments,remote fulltime ask for 115000,,https://www.linkedin.com/jobs/collections/recommended/?currentJobId=4359447000&discover=recommended&discoveryOrigin=JOBS_HOME_JYMBII
Senior Software Developer,2-16-2026,Geonetric ,remote fulltime ask for 130000,,https://www.linkedin.com/jobs/collections/recommended/?currentJobId=4366021837&discover=recommended&discoveryOrigin=JOBS_HOME_JYMBII
NET Developer ,2-16-2026,CodeWorks,remote contract $33/hr - $49/hr,,https://www.linkedin.com/jobs/collections/recommended/?currentJobId=4366161867&discover=recommended&discoveryOrigin=JOBS_HOME_JYMBII
Software Engineer - .Net,2-16-2026,"Daxko · Birmingham, AL (Remote)","$94.9K/yr - $134.7K/yr · Vision, 401(k)",,https://www.linkedin.com/jobs/collections/recommended/?currentJobId=4361611553&discover=recommended&discoveryOrigin=JOBS_HOME_JYMBII
Web Designer/Net Consultant,2-16-2026,AppleOne,remote contract $60/hr - $68/hr,,https://www.linkedin.com/jobs/collections/recommended/?currentJobId=4371517132&discover=recommended&discoveryOrigin=JOBS_HOME_JYMBII
.Net developer,2-16-2026,Motion Recruitment,remote contract $60/hr,,https://www.linkedin.com/jobs/search/?currentJobId=4368358662&geoId=90000384&keywords=devnet&origin=JOB_COLLECTION_PAGE_SEARCH_BUTTON&refresh=true
,,,,,
Software Engineer III/IV,2-17-2026,Zone5,full time on site california,,https://job-boards.greenhouse.io/zone5technologies/jobs/5033861008/
Research data steward,2-17-2026,Oak Ridge National Laboratory,,,https://jobs.ornl.gov/job/Oak-Ridge-Research-Data-Steward-TN-37830/1363117000/?feedId=301500&utm_source=ResearchGate&utm_campaign=ORNL_RG
"Software Engineer, .NET (Remote)",2-17-2026,Aspira,remote $104K-$127K / yr. ,,https://www.ziprecruiter.com/jobs/aspira-986325e5/software-engineer-net-remote-61e998f01?enc_campaign_id=944bd45e&lk=sWE0QfJhCZIPPWWun4bspw&tsid=122224016
Data Intelligence Engineer,2-17-2026,LKQ Corporation,on site nashville,,"https://lkqcorp.wd5.myworkdayjobs.com/ExternalCareerSite-LKQ/job/3102-Nashville-TN---Corporate-Office/Data-Intelligence-Engineer_R66617?replace(?source=IndeedOrganic,?source=IndeedSponsored)"
,,,,,
SQL Backend Developer,2-19-2026,Apex,"70 to 83 new york city, 12 months plus contract",,https://www.apexsystems.com/job/3013151_usa/backend-developer
software developer,2-19-2026,Apex,"$40 - $62 per hour, knoxville contract 3 days in office",,https://www.apexsystems.com/job/3013155_usa/developer
Software Engineering Manager ,2-19-2026,Clayton,Hybrid Full-time,,https://www.linkedin.com/jobs/search-results/?currentJobId=4356636918&eBP=NON_CHARGEABLE_CHANNEL&refId=urScA2ZpXeVBhk8cTXW71A%3D%3D&trackingId=QvebUh%2Fi7JvdY6OVdcDZ%2Bw%3D%3D&showHowYouFit=HOW_YOU_FIT&keywords=Senior%20Software%20Engineer&origin=QUALIFICATION_LANDING&geoId=90000384
Software engineer,2-19-2026,regal cinema,on site knoxville,,https://recruiting.ultipro.com/REG1000REGAL/JobBoard/1bbca4e6-7b2d-4f4f-bb34-681fc9385364/OpportunityDetail?opportunityId=c200a8cd-b416-4046-bf53-57903bb16ef9
SQL Backend Developer,2-19-2026,apex,interview,,
Information Technology Application Analyst ,2-19-2026,Employbridge,Knoxville on site fulltime,,https://www.linkedin.com/jobs/search-results/?currentJobId=4366632833&eBP=NON_CHARGEABLE_CHANNEL&refId=urScA2ZpXeVBhk8cTXW71A%3D%3D&trackingId=xugzz%2BeCucq8QRkLpcnj4Q%3D%3D&showHowYouFit=HOW_YOU_FIT&keywords=Senior%20Software%20Engineer&origin=QUALIFICATION_LANDING&geoId=90000384
Technical Integration Specialist,2-19-2026,Inhabit,Knoxville Hybrid fulltime,,https://www.paycomonline.net/v4/ats/web.php/portal/3B7D41D91746BB95F1A4DACFC560089B/jobs/350620
Software Engineer IV (SAS/.NET),2-19,recruiter - techgene solutions,birmingham,,
SQL Developer,2-19-2026,Cypress HCM,"remote 12 month contract to hire, 60  to 70",,https://www.linkedin.com/jobs/search/?currentJobId=4374076218&distance=25&f_TPR=a1770911974-&f_WT=1%2C3%2C2&geoId=90000384&keywords=sql%20developer&origin=JOB_ALERT_EMAIL&sortBy=R&trk=eml-email_job_alert_confirmation_01-email_job_alert_confirmation-0-see_all_jobs_cta
Data engineer reporting analyst,2-19-2026,Accenture Federal Services,$93K-$176K / yr. arlington va,,https://job-boards.greenhouse.io/accenturefederalservices/jobs/4649110006?gh_jid=4649110006&click_id=da20f86970a24fc9ab72483dbec0eadcoutc1
,,,,,
BI engineer,2-20-2026,Advantage Technical,"$80,000 - $100,000 a year",,https://www.indeed.com/viewjob?jk=129659fa6094b9bd&from=apply-conf
,,,,,
Data engineer II,2-26-2026,Bluebeam $108.9K/yr - $136K/yr Remote Full-time,130000,,https://careers.nemetschek.com/Bluebeam/job/Data-Engineer-III/1335724155/?utm_source=LINKEDIN&utm_medium=referrer&src=LinkedIn
Mid-Level .NET Software Engineer,2-26-2026,Stand8 Technology Consulting,$95K/yr - $120K/yr,,https://www.linkedin.com/jobs/collections/easy-apply/?currentJobId=4375635006&discover=true
.net developer with AWS,2-26-2026,SRM Digital LLC,"remote, contract",,https://www.linkedin.com/jobs/collections/easy-apply/?currentJobId=4378612066&discover=true
,,,,,
Enterprise Data Management Senior Analyst ,2-27-2026,First Horizon,"on site, full time memphis",,https://recruiting.ultipro.com/FIR1007FTN/JobBoard/c005ef3e-175a-49c4-ba29-9f431f673944/OpportunityDetail?opportunityId=e18b9bdd-803c-41df-9d4b-7d760a63cbcb&source=LinkedIn
Data engineer II,2-27-2026,PetSafe,"on site, full time Knoxville",,https://www.linkedin.com/jobs/search-results/?currentJobId=4377487286&eBP=CwEAAAGcn7R5yK1A85BSdIQhVVHe4TmiR8pJXqTZX4RPPmFKdJRgc57A4BvSdtNElJ7M2tL3BwQS2mW7i3DT2Ycx7AofgpqKnKEFQ6bVn0PTzEXe-KYk-3u_38D6KzDWSbZu0dJNHXHcdcphBFkE0lZqJadjEIQHabm5ZAM854Zzs9hptPz0BslSeADQbBKkMvgt_v3S22gVgP8_nLmva8mXDi3AMz7ebTHPFDM1S5xKArG2mpOnWLngBGBfxTs6LNvWcJvUUBfgU23t4qPsuN0AJ3_zd02-KBRoUgyhVMctuhgoeHnuxQzDxspSCNHzQZqxkFYqOq88YzSQhO9utai9KbSamQATubsvgMqDjv4ECwPHEU__kFNwGPgkB2hn1dSrqdun8HL5lQffWD0EVpfGYJfWLQJ5RNgQDwjuQcD_PAiVJZ186B_ZzTv30osJnKDGGQLHcVcu2DGTeayWySHyko2Hvc1KYi-tlrkgyOPBCWo7I128ROZRL5NWTki9lFW9ssC_vu7g5HH_wzjlV16kpsZgNNUtPrFQVI8&refId=O8paKyxOv%2BVlQbeHTUr78w%3D%3D&trackingId=DPdRKfCsJTZ8VLDqPmBD7A%3D%3D&keywords=data%20engineer&origin=SEMANTIC_SEARCH_LANDING_PAGE
.Net developer,,Inhabit,"on site, full time Knoxville  monday to thursday in office and 1",,https://www.paycomonline.net/v4/ats/web.php/portal/3B7D41D91746BB95F1A4DACFC560089B/jobs/357789
,,,,,
backend developer,2-28-2026,Hussmann,Remote fulltime,,https://www.linkedin.com/jobs/view/4379037665/?trk=eml-email_jobs_viewed_job_reminder_01-job_card-0-jobcard_body_4379037665&refId=tlQrCshgQcmpLwv4mpFVFg%3D%3D&trackingId=Ui8FjDweSNy3nyfwv0icpQ%3D%3D
,,,,,
data manager,3-1-2026,smart bank,"Sevierville, TN (On-site) full time",,https://www.linkedin.com/jobs/search-results/?currentJobId=4377575693&eBP=NOT_ELIGIBLE_FOR_CHARGING&refId=UF9tEBZt0ek0ifiqt0%2F75g%3D%3D&trackingId=uDHc1mfjyUnSBrksPzkxAQ%3D%3D&keywords=smartlight%20analytics&origin=SEMANTIC_SEARCH_LANDING_PAGE
,,,,,
"Advanced Engineer, Database Development and Automation",3-3-2026,Pilot,full time on site,,https://jobs.smartrecruiters.com/PilotCompany/744000112279108-advanced-engineer-database-development-and-automation?trid=2d92f286-613b-4daf-9dfa-6340ffbecf73
"Manager, Data Solution Lead ",3-3-2026,KPMG, hybrid fulltime knoxville,,https://www.kpmguscareers.com/jobdetail/?jobId=132269-A&srcCat=Job+Boards&specSrc=LinkedIn